"","conflictID","side_a","side_b","total_dias","number_deaths"
"1",100,"Government of Nigeria","Jama'atu Ahlis Sunna Lidda'awati wal-Jihad",385,10026
"2",100,"Kalenjin","Kikuyu",578,327
"3",102,"Kalenjin","Kisii",0,81
"4",103,"Government of Cambodia (Kampuchea)","FUNCINPEC",464,577
"5",103,"Government of Cambodia (Kampuchea)","KPNLF",94,401
"6",103,"Government of Cambodia (Kampuchea)","KR",1376,3345
"7",103,"Kusasi","Mamprusi",162,144
"8",104,"Lashkar of Salarzai tribe","TTP",0,38
"9",105,"Lou Nuer","Murle",281,3362
"10",106,"Hol Dinka","Lou Nuer",0,268
"11",107,"LRA","SPLM/A",794,488
"12",108,"LTTE","LTTE - K",4,209
"13",109,"Lumad","Moro",29,25
"14",110,"Kikuyu","Luo",2,61
"15",111,"Government of Guinea","RFDG",37,649
"16",111,"Ma'aliyah","Rizeigat Baggara",805,998
"17",112,"Government of Philippines","ASG",1352,2768
"18",112,"Government of Philippines","BIFM",73,413
"19",112,"Government of Philippines","MILF",466,3575
"20",112,"Government of Philippines","MNLF",27,333
"21",112,"Government of Philippines","MNLF - HM",2,32
"22",112,"Government of Philippines","MNLF - NM",116,489
"23",112,"Mangal","Turi",25,257
"24",113,"Government of Sudan","Darfur Joint Resistance Forces",1,309
"25",113,"Government of Sudan","JEM",386,2607
"26",113,"Government of Sudan","NDA",24,2891
"27",113,"Government of Sudan","NRF",14,810
"28",113,"Government of Sudan","SARC",1,111
"29",113,"Government of Sudan","SLM/A",111,4786
"30",113,"Government of Sudan","SLM/A-Unity",16,125
"31",113,"Government of Sudan","SLM/A - MM",9,156
"32",113,"Government of Sudan","SPLM/A",1834,31122
"33",113,"Government of Sudan","SPLM/A-North",153,217
"34",113,"Government of Sudan","SRF",1570,3527
"35",113,"Government of Sudan","SSDM/A",221,582
"36",113,"Government of Sudan","SSLM/A",76,320
"37",113,"Mara 18 (Guatemala)","Mara Salvatrucha (Guatemala)",10,98
"38",114,"Fiqi Muhumud subclan (Dir)","Marehan subclan of Sede clan (Darod)",1,104
"39",115,"Majerteen subclan (Darod)","Marehan subclan of Sede clan (Darod)",63,113
"40",116,"Majerteen subclan (Darod)","Ogaden clan (Darod)",1,54
"41",117,"Dassanetch","Turkana",1232,413
"42",117,"Government of Sri Lanka","JVP",32,447
"43",118,"Government of Uganda","ADF",1044,3113
"44",118,"Government of Uganda","LRA",3611,8594
"45",118,"Government of Uganda","UNRF II",6,46
"46",118,"Government of Uganda","UPA",106,1107
"47",118,"Government of Uganda","WNBF",573,207
"48",118,"MFDC Front Nord - MD","MFDC - S",13,124
"49",119,"Government of United Kingdom","PIRA",30,151
"50",119,"Government of United Kingdom","RIRA",0,32
"51",119,"Misseriya","Rizeigat Abbala",470,741
"52",120,"Government of El Salvador","FMLN",666,5864
"53",120,"Mohamed Muse subclan of Abgal clan (Hawiye)","Warsangeli subclan of Abgal clan (Hawiye)",1,64
"54",121,"MDF","SLDF",30,32
"55",122,"Murle","Nuer",1,59
"56",123,"NDPVF","NDV",453,59
"57",124,"NSCN-IM","NSCN-K",33,375
"58",125,"NSCN-IM","NSCN-U",95,35
"59",126,"Government of Bangladesh","JSS/SB",29,137
"60",127,"Nyangatom, Toposa","Turkana",0,58
"61",128,"Ogaden clan (Darod)","Sheikhal clan (Dir)",138,505
"62",129,"Government of Pakistan","Baloch Ittehad",0,157
"63",129,"Government of Pakistan","BLA",5,481
"64",129,"Government of Pakistan","BLF",30,68
"65",129,"Government of Pakistan","BRA",20,362
"66",129,"Oromo","Somali (Ethiopia)",255,198
"67",130,"Government of Eritrea","EIJM - AS",1058,148
"68",130,"Palipehutu-FNL","Palipehutu-FNL - LP",1,52
"69",131,"Government of Angola","UNITA",5215,30222
"70",131,"PDF","SSDF",0,38
"71",132,"Pian Karimojong","Pokot",166,68
"72",133,"Government of Ethiopia","AIAI",10,223
"73",133,"Government of Ethiopia","ONLF",2170,977
"74",133,"Pokot","Sabiny",6,46
"75",134,"Government of Indonesia","Fretilin",428,201
"76",134,"Puntland state of Somalia","Republic of Somaliland",1,59
"77",135,"Government of Morocco","POLISARIO",1,226
"78",135,"Mayi Mayi","RCD",114,712
"79",136,"FRF","RCD",8,221
"80",136,"Government of Mozambique","Renamo",1238,4424
"81",137,"Government of Afghanistan","Hizb-i Islami-yi Afghanistan",421,9599
"82",137,"Government of Afghanistan","Hizb-i Islami-yi Afghanistan - Khalis faction",324,6023
"83",137,"Government of Afghanistan","Hizb-i Wahdat",1172,1261
"84",137,"Government of Afghanistan","Jam'iyyat-i Islami-yi Afghanistan",170,2860
"85",137,"Government of Afghanistan","Junbish-i Milli-yi Islami",1260,9033
"86",137,"Government of Afghanistan","Mahaz-i Milli-yi Islami-yi Afghanistan",2,30
"87",137,"Government of Afghanistan","Military faction (forces of Shahnawaz Tanay)",1,108
"88",137,"Government of Afghanistan","Taleban",10237,91541
"89",137,"Government of Afghanistan","UIFSA",1217,25785
"90",137,"RCD-K-ML","RCD-N",0,45
"91",138,"RCD-K-ML","MLC, RCD-N",38,198
"92",139,"Government of India","ATTF",401,181
"93",139,"Government of India","NLFT",32,362
"94",139,"Government of India","NLFT-B",0,65
"95",139,"Rizeigat Abbala","Terjam",27,382
"96",140,"Government of Nicaragua","Contras/FDN",570,565
"97",140,"RRA","RRA - MH",41,281
"98",141,"Government of Somalia","Al-Shabaab",783,12542
"99",141,"Government of Somalia","ARS/UIC",120,2313
"100",141,"Government of Somalia","Hizbul Islam",7,150
"101",141,"Government of Somalia","SNM",111,1879
"102",141,"Government of Somalia","SPM",923,759
"103",141,"Government of Somalia","SRRC",5,342
"104",141,"Government of Somalia","USC/SNA",247,5776
"105",141,"Government of Somalia","USC/SSA",42,4456
"106",141,"Sa'ad subclan of Habar Gidir clan (Hawiye)","Suleiman subclan of Habar Gidir clan (Hawiye)",17,383
"107",142,"Gulf Cartel","Sinaloa Cartel",7130,1632
"108",143,"Government of Iran","Jondullah",925,296
"109",143,"Government of Iran","MEK",232,371
"110",143,"Government of Iran","PJAK",411,487
"111",143,"SLM/A","SLM/A - MM",10,102
"112",144,"Rer Ahmad subclan (Hawiye)","Hawarsame Rer Hasan and Habar Ya'qub subclan of Marehan clan (Darod)",0,69
"113",146,"Government of Liberia","INPFL",36,111
"114",146,"Government of Liberia","LURD",792,2601
"115",146,"Government of Liberia","MODEL",12,76
"116",146,"Government of Liberia","NPFL",456,263
"117",146,"RCSS","UWSA",45,113
"118",147,"Government of Spain","ETA",0,211
"119",147,"Sa'ad subclan of Habar Gidir clan (Hawiye)","Saleban-Abdalla subclan of Majerteen clan (Darod)",1,28
"120",148,"Tama","Zaghawa",193,200
"121",149,"Tijuana Cartel","Tijuana Cartel - El Teo faction",366,286
"122",150,"Toposa","Turkana",224,332
"123",151,"Pokot","Turkana",519,606
"124",152,"Government of India","KCP",0,144
"125",152,"Government of India","PLA",737,304
"126",152,"Government of India","PREPAK",1,133
"127",152,"Government of India","UNLF",738,395
"128",152,"USC/SSA","USC/SSA - OMF",18,168
"129",153,"Ma'aliyah","Zaghawa",9,41
"130",154,"Harakat-i Inqilab-i Islami-yi Afghanistan","Ittihad-i Islami Bara-yi Azadi-yi Afghanistan",20,70
"131",155,"Hizb-i Wahdat","Hizb-i Wahdat - Akbari faction",95,85
"132",156,"Government of India","Sikh insurgents",1703,8179
"133",156,"Hizb-i Islami-yi Afghanistan","Hizb-i Wahdat",0,25
"134",157,"Government of Sri Lanka","EPRLF",0,119
"135",157,"Government of Sri Lanka","LTTE",1957,60686
"136",157,"Hizb-i Islami-yi Afghanistan","Jamiat-ul-Dawa",6,51
"137",158,"Government of Cameroon","Jama'atu Ahlis Sunna Lidda'awati wal-Jihad",1,457
"138",158,"Hizb-i Islami-yi Afghanistan","Jam'iyyat-i Islami-yi Afghanistan",332,404
"139",159,"Government of Turkey","PKK",3347,27307
"140",159,"Hizb-i Islami-yi Afghanistan","Junbish-i Milli-yi Islami",11,235
"141",160,"Hizb-i Islami-yi Afghanistan","Taleban",32,268
"142",161,"Jam'iyyat-i Islami-yi Afghanistan","Junbish-i Milli-yi Islami",70,401
"143",162,"Jam'iyyat-i Islami-yi Afghanistan","Mahaz-i Milli-yi Islami-yi Afghanistan",1,100
"144",163,"Jam'iyyat-i Islami-yi Afghanistan","Shura-yi Nazar-i Shomali",11,43
"145",164,"GIA - El Ahd Battalion","GIA - El Khadra Battalion",0,62
"146",165,"GIA - El Forkane","GIA - El Khadra Battalion",0,56
"147",166,"AIS","GIA",74,344
"148",167,"Government of Comoros","Presidential guard",1,29
"149",168,"BCP","PBCP",0,34
"150",169,"Government of India","Kashmir insurgents",4432,17052
"151",169,"Laime","Qaqachaca",153,52
"152",170,"ALiR","Palipehutu-FNL",11,100
"153",170,"Government of India","ULFA",1171,1173
"154",171,"Bafanji","Balikumbat",29,51
"155",171,"Government of Indonesia","GAM",2731,3361
"156",172,"Banya","Foulbe, Hausa",2,50
"157",172,"Government of Panama","Military faction (forces of Moisés Giroldi)",0,77
"158",173,"Choa Arab","Kotoko",12,106
"159",173,"Government of Panama","Government of United States of America",3,843
"160",174,"Government of Papua New Guinea","BRA",690,299
"161",174,"Hells Angels","Rock Machine",1471,94
"162",175,"Government of Rumania","Military faction (forces of Nicolae Ceausescu)",0,53
"163",175,"Government of Rumania","NSF",8,196
"164",176,"Government of Iraq","Government of Kuwait",294,22848
"165",176,"Khozam","Oulad Rachid",0,72
"166",177,"AUC","ELN",35,164
"167",177,"Government of Mali","ATNMC",66,190
"168",177,"Government of Mali","CMA",51,277
"169",177,"Government of Mali","FIAA",13,118
"170",177,"Government of Mali","MPA",26,203
"171",178,"Cali Cartel","Medellín Cartel",0,41
"172",178,"Government of Niger","CRA",135,52
"173",179,"Government of Rwanda","ALiR",388,2262
"174",179,"Government of Rwanda","FDLR",1597,4360
"175",179,"Government of Rwanda","FPR",654,2773
"176",179,"Medellín Cartel","PEPES",8,45
"177",180,"Government of Senegal","MFDC",820,1492
"178",180,"MPA/Republic of Anjouan","MPA - SOC",4,40
"179",181,"AFDL","ALiR",16,120
"180",181,"Government of Russia (Soviet Union)","Republic of Armenia",792,268
"181",182,"AFDL","Mayi Mayi",0,41
"182",182,"Government of Russia (Soviet Union)","APF",13,143
"183",183,"Government of Trinidad and Tobago","Jamaat al-Muslimeen",6,39
"184",183,"Hunde","Hutu",363,722
"185",184,"Banyarwanda","Hunde, Nyanga",538,3197
"186",184,"Government of Djibouti","FRUD",129,260
"187",184,"Government of Djibouti","FRUD - AD",64,52
"188",185,"Government of Georgia","National Guard and Mkhedrioni",15,52
"189",185,"Government of Georgia","Zviadists",9,223
"190",186,"Government of Haiti","FLRN",48,146
"191",186,"Government of Haiti","Military faction (forces of Himmler Rebu and Guy Francois)",1,48
"192",186,"Government of Haiti","Military faction (forces of Raol Cédras)",2,160
"193",186,"Government of Haiti","OP Lavalas (Chimères)",29,61
"194",187,"Government of Sierra Leone","AFRC",1003,4833
"195",187,"Government of Sierra Leone","Kamajors",724,1052
"196",187,"Government of Sierra Leone","RUF",6523,5561
"197",187,"Government of Sierra Leone","WSB",0,27
"198",188,"CNDD-FDD, Mayi-Mayi","RCD",18,97
"199",188,"Government of Turkey","Devrimci Sol",1,139
"200",188,"Government of Turkey","MKP",0,29
"201",189,"ALiR, CNDD-FDD , Mayi Mayi","RCD",36,124
"202",189,"Government of Serbia (Yugoslavia)","Republic of Slovenia",12,64
"203",190,"Government of Serbia (Yugoslavia)","Croatian irregulars",1,25
"204",190,"Government of Serbia (Yugoslavia)","Republic of Croatia",485,3044
"205",190,"RCD-ML","RCD-K-ML",13,43
"206",191,"Government of Algeria","AIS",540,2446
"207",191,"Government of Algeria","AQIM",2585,5935
"208",191,"Government of Algeria","GIA",1267,10187
"209",191,"Government of Algeria","MUJAO",1,47
"210",191,"Government of Algeria","Takfir wa'l Hijra",1,43
"211",191,"Mayi Mayi","RCD-ML",6,80
"212",192,"Government of Angola","FLEC-FAC",1266,252
"213",192,"Government of Angola","FLEC-R",751,96
"214",193,"Amhara","Oromo",394,260
"215",193,"Government of Azerbaijan","Republic of Nagorno-Karabakh",3353,5288
"216",194,"Arbore","Borana",30,319
"217",194,"Government of Bosnia-Herzegovina","Serbian irregulars",1122,100
"218",194,"Government of Bosnia-Herzegovina","Serbian Republic of Bosnia-Herzegovina",1699,9725
"219",195,"Borana","Degodia",651,357
"220",195,"Government of Croatia","Serbian irregulars",90,25
"221",195,"Government of Croatia","Serbian Republic of Krajina",86,1259
"222",196,"Government of Egypt","al-Gama'a al-Islamiyya",154,634
"223",196,"Government of Egypt","Ansar Bayt al-Maqdis",4,184
"224",197,"Borana","Garre",626,220
"225",197,"Government of Georgia","Republic of Abkhazia",149,2176
"226",198,"Borana, Guji","Garre",29,103
"227",198,"Government of Georgia","Republic of South Ossetia",388,782
"228",199,"Derashe","Zeyle",6,40
"229",199,"Government of Moldova","PMR",10,585
"230",200,"Gedeo","Guji",364,1700
"231",200,"Government of Tajikistan","Forces of Khudoberdiyev",124,605
"232",200,"Government of Tajikistan","Forces of Mullo Abdullo",13,78
"233",200,"Government of Tajikistan","IMU",43,123
"234",200,"Government of Tajikistan","PFT",5,349
"235",200,"Government of Tajikistan","UTO",1468,7934
"236",201,"Government of Azerbaijan","Military faction (forces of Suret Husseinov)",3,73
"237",201,"Government of Azerbaijan","OPON Forces",2,46
"238",202,"Government of Bosnia-Herzegovina","Autonomous Province of Western Bosnia",162,962
"239",202,"Rer Liban subclan (Issaq)","Rer Samatar subclan of Habr Awal (Issaq)",29,100
"240",203,"Government of Bosnia-Herzegovina","Croatian irregulars",424,50
"241",203,"Government of Bosnia-Herzegovina","Croatian Republic of Bosnia-Herzegovina",74,2607
"242",204,"Government of Russia (Soviet Union)","Parliamentary Forces",11,145
"243",204,"Republic of Abkhazia","White Legion",0,64
"244",205,"Gonja","Konkomba, Nawuri",89,93
"245",205,"Government of Mexico","EPR",219,53
"246",205,"Government of Mexico","EZLN",64,155
"247",206,"Government of Russia (Soviet Union)","Chechen Republic of Ichkeria",999,18181
"248",207,"Government of Yemen (North Yemen)","Democratic Republic of Yemen",69,1489
"249",208,"Dagomba, Gonja, Nanumba","Konkomba",238,2161
"250",208,"Government of Ecuador","Government of Peru",26,92
"251",209,"Government of Pakistan","IMU",3,176
"252",209,"Government of Pakistan","Jamaat-ul-Ahrar",0,45
"253",209,"Government of Pakistan","Lashkar-e-Islam",22,987
"254",209,"Government of Pakistan","MQM",9,211
"255",209,"Government of Pakistan","TTP",1210,26161
"256",209,"Government of Pakistan","TTP - TA",0,33
"257",209,"Torma","Torma Manian",0,31
"258",210,"Bodo","Santhal",61,299
"259",210,"Government of Cameroon","Government of Nigeria",14,70
"260",212,"Government of Niger","FDR",30,52
"261",212,"HuM","JKLF",364,94
"262",213,"Government of Comoros","MPA/Republic of Anjouan",2,56
"263",213,"Kuki","Naga",1162,445
"264",214,"Dayak","Madurese",63,857
"265",214,"Government of Congo","Cobras",820,10004
"266",214,"Government of Congo","Cocoyes",303,305
"267",214,"Government of Congo","Ninjas",450,193
"268",214,"Government of Congo","Ntsiloulous",337,3730
"269",215,"Dereiat","al-Shaman",5,266
"270",215,"Government of Eritrea","Government of Ethiopia",467,97410
"271",216,"Government of Guinea-Bissau","Military Junta for the Consolidation of Democracy, Peace and Justice",247,704
"272",216,"IMK","PUK",60,213
"273",217,"Government of Lesotho","Military faction",6,68
"274",217,"KDP","PUK",94,1205
"275",218,"Government of Serbia (Yugoslavia)","UCK",1911,2648
"276",218,"KDP","PKK",51,607
"277",219,"Government of Ethiopia","OLF",2034,1770
"278",219,"Supporters of JLP","Supporters of PNP",265,144
"279",220,"Ajuran","Garre",55,78
"280",220,"Government of Russia (Soviet Union)","Wahhabi movement of the Buinaksk district",8,85
"281",221,"Borana","Samburu",58,60
"282",221,"Government of Uzbekistan","IMU",52,544
"283",221,"Government of Uzbekistan","JIG",0,53
"284",222,"Government of Central African Republic","anti-Balaka",57,221
"285",222,"Government of Central African Republic","CPJP",85,96
"286",222,"Government of Central African Republic","Forces of Francois Bozize",14,145
"287",222,"Government of Central African Republic","Military faction (forces of André Kolingba)",24,234
"288",222,"Government of Central African Republic","Seleka",8,149
"289",222,"Government of Central African Republic","UFDR",56,56
"290",223,"Government of Macedonia, FYR","UCK",156,75
"291",224,"Government of United States of America","al-Qaida",833,5018
"292",224,"Kalenjin","Luhya",94,96
"293",225,"Government of Ivory Coast","FDSI-CI",15,35
"294",225,"Government of Ivory Coast","FRCI",3,68
"295",225,"Government of Ivory Coast","MJP",28,60
"296",225,"Government of Ivory Coast","MPCI",66,543
"297",225,"Government of Ivory Coast","MPIGO",36,176
"298",225,"Kalenjin","Luo, Kisii",14,40
"299",226,"Australia, United Kingdom, United States of America","Government of Iraq",51,7921
"300",226,"Kisii","Maasai",96,77
"301",227,"Government of India","ABSU",438,97
"302",227,"Government of India","NDFB",1111,523
"303",227,"Government of India","NDFB-S",811,78
"304",227,"Government of India","NDFB - RD",220,137
"305",227,"Kikuyu","Maasai",8,102
"306",228,"Government of Myanmar (Burma)","UWSA",258,155
"307",228,"Marakwet","Pokot",59,76
"308",230,"Nandi","Pokot",38,35
"309",232,"Orma, Wardei","Pokomo",9,66
"310",233,"Pokot, Samburu","Turkana",0,51
"311",234,"Amal","Hezbollah",117,487
"312",235,"Fatah","Fatah Revolutionary Council",31,81
"313",236,"Hezbollah","SLA",417,293
"314",237,"Forces of Michel Aoun","Lebanese Forces",153,852
"315",238,"INPFL","NPFL",54,45
"316",239,"LPC","NPFL",809,243
"317",240,"NPFL","ULIMO",57,376
"318",241,"NPFL, ULIMO-K","AFL, LPC, ULIMO-J",85,2000
"319",242,"ULIMO - J","ULIMO - K",43,309
"320",243,"ARLA, FIAA, FPLA","MPA",2,30
"321",244,"Fulani","Touareg",30,64
"322",245,"Garcia clan","Pena Rojas clan",0,27
"323",246,"Naparama","Renamo",0,63
"324",247,"MDA","MDA - LM",16,70
"325",248,"Government of Thailand","Patani insurgents",70,1724
"326",248,"MTA","UWSA",434,1633
"327",249,"Adoni","Ogoni",36,1085
"328",249,"Government of Nigeria","Ahlul Sunnah Jamaa",6,63
"329",250,"Government of Nigeria","NDPVF",10,67
"330",251,"Azara","Tiv",13,200
"331",251,"Government of Israel","Hezbollah",1173,1594
"332",252,"Efik","Ibibio",5,90
"333",253,"Fulani","Wurukum",114,100
"334",254,"Afisare, Anaguta, Birom","Fulani, Hausa",8,1200
"335",254,"Government of DR Congo (Zaire)","BDK",88,374
"336",255,"Government of Niger","FLAA",152,75
"337",255,"Government of Niger","MNJ",62,128
"338",255,"Government of Niger","UFRA",66,65
"339",255,"Hausa","Ninzam",0,100
"340",256,"Ife","Modakeke",17,239
"341",257,"Government of Russia (Soviet Union)","Forces of the Caucasus Emirate",4402,2939
"342",257,"Ijaw","Ilaje",37,122
"343",258,"Ijaw","Urhobo",6,53
"344",259,"Government of India","PULF",0,61
"345",259,"Jukun","Tiv",78,691
"346",260,"Fulani","Karimjo",11,80
"347",260,"Government of Djibouti","Government of Eritrea",1,35
"348",261,"Kwala","Tiv",2,50
"349",262,"Odtikas","Ogoni",0,60
"350",263,"Government of India","KNF",1,96
"351",263,"Ndoki","Ogoni",27,30
"352",264,"Eleme","Okrika (Ijaw)",0,26
"353",264,"Government of Myanmar (Burma)","MNDAA",634,451
"354",265,"Ogoni","Okrika (Ijaw)",31,102
"355",266,"Igbo","Tiv",7,32
"356",267,"Aguleri","Umuleri",51,420
"357",267,"Government of Mauritania","AQIM",2,68
"358",268,"Government of Ethiopia","IGLF",32,109
"359",268,"Ijaw, Urhobo","Itsekiri",4,39
"360",269,"Government of Sudan","Republic of South Sudan",2,145
"361",269,"MQM","MQM-H",289,279
"362",270,"Government of South Sudan","SPLM/A In Opposition",517,2997
"363",270,"Government of South Sudan","SSDM/A",6,120
"364",270,"Government of South Sudan","SSDM/A - Cobra Faction",0,82
"365",270,"Government of South Sudan","SSLM/A",85,248
"366",271,"Government of Libya","Forces of Muammar Gaddafi",51,328
"367",271,"Government of Libya","Forces of the House of Representatives",2,209
"368",271,"Government of Libya","NTC",115,1602
"369",271,"Government of Libya","Zintan Brigades",13,269
"370",271,"Wagia subclan of Takima","Wayai subclan of Takima",9,25
"371",272,"Government of India","GNLA",188,113
"372",272,"Unjamap","Wogia-Tunjup",27,46
"373",273,"Government of China","ETIM",30,59
"374",273,"Hadji Faizal Abdulkarim clan","Hadji Masir Ahalul clan",6,30
"375",274,"Armenian","Azeri",399,69
"376",274,"Government of Mali","al-Murabitun",124,64
"377",274,"Government of Mali","Ansar Dine",68,221
"378",274,"Government of Mali","AQIM",116,473
"379",274,"Government of Mali","Military faction (Red Berets)",2,29
"380",274,"Government of Mali","MUJAO",45,330
"381",274,"Government of Mali","Signed-in-Blood Battalion",40,68
"382",275,"Chechen Republic of Ichkeria","Forces of Ruslan Labazanov",0,180
"383",275,"Government of Bangladesh","PBCP",0,84
"384",275,"Government of Bangladesh","PBCP-J",0,120
"385",276,"Chechen Republic of Ichkeria","Provisional Council of the Chechen Republic",1,64
"386",276,"Government of South Sudan","Government of Sudan",54,368
"387",277,"Government of Myanmar (Burma)","NSCN-K",186,640
"388",278,"Government of Malaysia","Sultanate of Sulu",26,70
"389",278,"Republic of Georgia","Republic of South Ossetia",11,87
"390",279,"Abdalle subclan of Habar Awal clan (Isaaq)","Aidagalla subclan of Habar Garhadjis clan (Isaaq)",3,34
"391",279,"Government of Myanmar (Burma)","PSLF",251,175
"392",280,"Abdalleh-Agon-Yar subclan of Abgal clan (Hawiye)","Eli-Agon-Yar subclan of Abgal clan (Hawiye)",1,26
"393",280,"Government of Ukraine","Maidan",5,88
"394",281,"Abdulleh-Galmaha subclan of Abgal clan (Hawiye)","Kabaloh subclan of Abgal clan (Hawiye)",4,33
"395",281,"Government of Ukraine","Donetsk People's Republic",236,1996
"396",282,"Abgal clan (Hawiye)","Galgalo",19,50
"397",282,"Government of Ukraine","Lugansk People's Republic",229,712
"398",283,"Government of Ukraine","United Armed Forces of Novorossiya",613,2862
"399",283,"SPM","Forces of Omar Jess",0,41
"400",284,"Ayr subclan of Habar Gidir clan (Hawiye)","Sa'ad subclan of Habar Gidir clan (Hawiye)",1,59
"401",285,"Abdalle-Aroneh subclan of Abgal clan (Hawiye)","Eli-Omar subclan of Abgal clan (Hawiye)",0,31
"402",285,"Government of Russia (Soviet Union)","IS",3,55
"403",286,"Forces of Abdirizak Bihi","Forces of Ahmed Sheikh Buraleh",0,33
"404",287,"Forces of Hussein Ali Ahmed","USC/SSA",51,113
"405",287,"Government of Mali","FLM",1,41
"406",288,"Forces of Abdurahman Ahmed Ali 'Tur'","Republic of Somaliland",67,475
"407",288,"Government of Afghanistan","IS",241,674
"408",289,"Garre subclan of Digil clan (Digil-Mirifle)","Jiddo subclan of Digil clan (Digil-Mirifle)",50,70
"409",289,"Government of Cameroon","IS",6,212
"410",290,"Government of Niger","IS",10,171
"411",290,"Habar Gidir clan (Hawiye)","Xawaadle clan (Hawiye)",10,43
"412",291,"Government of Chad","IS",58,272
"413",291,"Habar Gidir clan (Hawiye)","Marehan subclan of Sede clan (Darod)",10,67
"414",293,"Galje'el clan (Hawiye)","Xawaadle clan (Hawiye)",9,62
"415",293,"Government of Yemen (North Yemen)","IS",0,246
"416",294,"Government of Kenya","Al-Shabaab",1,39
"417",294,"Republic of Somaliland","SNM - 'Calan cas'",71,2500
"418",295,"Government of Egypt","IS",8,774
"419",296,"Government of India","UNLFW",1,161
"420",297,"Government of Lebanon","IS",3,202
"421",298,"Government of Libya","IS",12,118
"422",298,"SNF","USC/SNA",30,99
"423",299,"SNF - MSAB","SNF",0,51
"424",300,"SPM","SPM/SNA",49,514
"425",301,"AIAI","SSDF",6,625
"426",302,"DSA","USC/SNA",2,35
"427",303,"RRA","USC/SNA",30,437
"428",306,"SSDF","USC/SNA",0,200
"429",307,"USC/SNA","USC/SNA - OA",69,430
"430",308,"USC/SNA","USC-PM",0,46
"431",309,"ANC - 'Greens'","ANC - 'Reds'",31,30
"432",310,"Supporters of ANC","Supporters of AZAPO",42,43
"433",311,"CATA","Codeta",869,124
"434",312,"Supporters of ANC","Supporters of IFP",11615,3383
"435",313,"Supporters of IFP","Supporters of UDF",1702,471
"436",314,"Mangweni clan","Mgodini clan",0,26
"437",315,"Supporters of ANC","Supporters of UDM",275,61
"438",316,"NUM","Uwusa",4,31
"439",317,"Lagunya","Webta",251,44
"440",318,"EPRLF","LTTE",0,231
"441",319,"LTTE","PLOTE",1,101
"442",320,"Awlad Omran clan","Awlad al-Zuid clan",35,432
"443",321,"Awlad Zeid","Zaghawa",1,73
"444",322,"Dinka","Nuer",82,559
"445",323,"Jikany Nuer","Lou Nuer",91,1072
"446",324,"Masalit","Rizeigat Abbala",309,400
"447",325,"Rizeigat Abbala","Zaghawa",29,166
"448",326,"Beni Halba Baggara, Salamat Baggara","Fur",125,2000
"449",327,"SPLM/A","SPLM/A - AH",12,55
"450",328,"SPLM/A","SPLM/A - WN",14,154
"451",329,"SPLM/A","SSDF",1814,5185
"452",330,"SPLM/A","SSUM/A",2,390
"453",331,"SPLM/A","UNRF II",2,210
"454",332,"SPLM/A","WNBF",2,213
"455",333,"SSDF","SSUM/A",75,490
"456",334,"Moba","Tchokossi",1,31
"457",335,"Bokora Karimojong","Jie, Matheniko Karimojong",6,62
"458",336,"Bokora Karimojong","Matheniko Karimojong",400,389
"459",337,"Bokora Karimojong","Matheniko Karimojong, Turkana",0,60
"460",338,"Dodoth","Jie",30,235
"461",339,"Dodoth","Toposa, Turkana",1,43
"462",340,"Iteso","Karimojong",0,32
"463",341,"Karimojong","Pokot",29,247
"464",342,"Matheniko Karimojong","Pokot",121,73
"465",343,"Republic of Bosnia-Herzegovina","Serbian Republic of Bosnia-Herzegovina",3,144
"466",344,"Republic of Croatia","SAO Eastern Slavonia, Baranja and Western Symria",0,101
"467",345,"Republic of Croatia","SAO Krajina",3,189
"468",346,"Republic of Croatia","Serbian Republic of Krajina",0,35
"469",347,"Forces of Jing Caludtiag","Forces of Randy Karon",18,44
"470",348,"Afor","Fulani",1,33
"471",349,"Supporters of Andry Rajoelina","Supporters of Marc Ravalomanana",8,82
"472",350,"Al-Shabaab","Hizbul Islam",34,209
"473",353,"Ngok Dinka","Shiluk",0,132
"474",355,"Bari","Mundari",28,52
"475",356,"Bor Dinka","Mundari",57,48
"476",357,"Aliap Dinka","Mundari",1,52
"477",358,"Luac Jang Dinka","Awan Dinka",3,30
"478",360,"Fulani","Tarok",10,238
"479",362,"Pari","Toposa",91,35
"480",363,"Al-Shabaab","ONLF",141,46
"481",365,"Arab","Kounta",30,79
"482",366,"Atyap","Hausa",5,582
"483",368,"Hausa","Igbo, Yoruba",1,200
"484",369,"Jie","Matheniko Karimojong",30,43
"485",370,"Supporters of Laurent Gbagbo","Supporters of Alassane Outtara",0,28
"486",371,"Supporters of Didier Ratsiraka","Supporters of Marc Ravalomanana",3,78
"487",372,"Mauritanian","Senegalese",35,228
"488",373,"Christians (Nigeria)","Muslims (Nigeria)",428,5581
"489",374,"Bini","Urhobo",0,50
"490",375,"Supporters of PDP","Supporters of UNPP",1,31
"491",376,"Supporters of Jean-Bertrand Aristide","Supporters of Roger Lafontant",0,40
"492",377,"Meskhetian Turk","Uzbek",3,101
"493",378,"Kyrgyz","Uzbek",62,212
"494",379,"Taleban - Ali Dad faction","Taleban - Mola Khel faction",2,30
"495",380,"Hindus (India)","Muslims (India)",1815,3265
"496",381,"Christians (Indonesia)","Muslims (Indonesia)",251,1090
"497",382,"Akibu","Tonakau",65,70
"498",383,"Christians (Philippines)","Muslims (Philippines)",2,67
"499",384,"Supporters of PA","Supporters of UNP",142,33
"500",385,"Santiago Xochiltepec","Santo Domingo Teojomulco",1,26
"501",386,"Kuki","Paite",551,141
"502",388,"PKK","PUK",22,145
"503",389,"Forces of Michel Aoun","PSP",0,31
"504",390,"Lashkar of Orakzai tribe","TTP",0,35
"505",391,"Forces of Turkestan Bhittani","TTP",1,117
"506",393,"CNDD","Palipehutu-FNL",44,234
"507",394,"Dodoth","Turkana",130,97
"508",395,"Anuak","Highlanders",145,114
"509",396,"FNI","PUSIC",0,67
"510",397,"FNI","UPC",0,429
"511",398,"FNI, FRPI","UPC",0,71
"512",399,"RCD-K-ML","UPC",8,216
"513",401,"Suri","Tishana-Me’en",364,34
"514",403,"Geri","Makahin",29,32
"515",404,"Borana","Gabra",385,239
"516",405,"Pokot","Samburu",189,76
"517",406,"Samburu","Turkana",3353,196
"518",408,"Ari","Mursi",61,82
"519",409,"Dassanetch","Nyangatom, Toposa",89,60
"520",410,"Dayak, Malay","Madurese",34,172
"521",411,"Samburu","Somali (Kenya)",147,49
"522",412,"Bokora Karimojong","Jie, Matheniko Karimojong, Turkana",0,213
"523",413,"Forces of General Morgan","Forces of Omar Jess",137,428
"524",414,"Gulf Cartel","Los Zetas",6834,2342
"525",415,"Beltrán Leyva Cartel","Beltrán Leyva Cartel - Valdez Villareal faction",125,182
"526",416,"Ansarallah","AQAP",22,508
"527",417,"Los Zetas","Sinaloa Cartel",1260,570
"528",418,"Lashkar-e-Islam","TTP",16,77
"529",419,"Forces of Momin Afridi","TTP - TA",2,80
"530",420,"TTP - MR","TTP - MT",0,80
"531",421,"Bangesh","Mangal",20,168
"532",422,"Mara 18 (Honduras)","Mara Salvatrucha (Honduras)",187,166
"533",423,"Suleiman subclan of Habar Gidir clan (Hawiye)","Qubeys subclan (Dir)",9,88
"534",424,"Gok Dinka","Rek Dinka",3,109
"535",425,"Mujahideen in the Golis Mountains","Puntland state of Somalia",335,221
"536",426,"Boje","Nsadop",14,33
"537",427,"Atuot Dinka","Ciek Dinka",2,27
"538",428,"Ahlu Sunna Waljamaca","Hizbul Islam",6,55
"539",429,"Birom","Fulani",292,765
"540",430,"Dassanetch","Gabra",394,112
"541",432,"Burkinabé","Guéré",50,224
"542",433,"Dioula","Guéré",2,35
"543",434,"Guéré","Senufo",0,65
"544",435,"Degodia","Garre",672,216
"545",437,"Dodoth","Jie, Matheniko Karimojong",1,33
"546",438,"Oleh","Olmoro",0,47
"547",439,"Abgal clan (Hawiye)","Garre subclan of Digil clan (Digil-Mirifle)",0,25
"548",440,"Forces of Abdullahi Yusuf","Forces of Yussuf Hajji Nur",1,42
"549",442,"Copts (Egypt)","Muslims (Egypt)",2,58
"550",443,"Al-Shabaab","SVA",3,42
"551",444,"Guéré","Malinké",4,33
"552",445,"FDC","FDLR",15,61
"553",446,"BIFM","MILF",12,54
"554",448,"Kpelle","Malinké",2,25
"555",449,"Lashkar-e-Islam","Lashkar of Zakakhel tribe",12,228
"556",450,"Lashkar-e-Islam","TTP - TA",0,71
"557",451,"CPJP","UFDR",36,53
"558",452,"Borana","Turkana",4,31
"559",453,"Hausa","Sayawa",0,46
"560",454,"Ezilo","Ezza",31,106
"561",455,"Fulani","Tiv",79,611
"562",456,"Misseriya","Ngok Dinka",19,335
"563",457,"Gony Dinka","Thiyic Dinka",1,104
"564",458,"Atuot Dinka","Jur Beli",2,43
"565",459,"Laskhar of Masozai Qaumi tribe","TTP",8,79
"566",460,"La Familia","Los Caballeros Templarios",30,160
"567",461,"Jalisco Cartel New Generation","Los Zetas",3462,787
"568",462,"Cartel Independiente de Acapulco","La Barredora",1055,865
"569",463,"Jalisco Cartel New Generation","La Resistencia",1,33
"570",464,"Lashkar of Kukikhel clan","TTP",0,69
"571",466,"RUF","ULIMO",894,120
"572",467,"Kamajors","RUF",164,46
"573",468,"Deebam","Deewell",1025,119
"574",469,"Black Axe, Bush Boys, Deebam, KK, NDV","Outlaws",61,100
"575",470,"Alago","Eggon",10,96
"576",471,"Greenlanders","NDV",844,114
"577",472,"Akul","Kambrip",207,57
"578",473,"Lashkar-e-Islam","Lashkar of Akakhel tribe",0,36
"579",476,"Dimasa","Zeme Naga",4,70
"580",478,"Supporters of al-Ahly football team","Supporters of al-Masry football team",0,74
"581",479,"PFT","UTO",61,482
"582",480,"Gontrar, Zintan","Mashashia",16,78
"583",481,"Isenasawo","Isongo-furo",0,41
"584",482,"Forces of Agala","Forces of Edu",426,62
"585",483,"Alawite (Lebanon)","Sunni (Lebanon)",28,155
"586",484,"ALiR, Mayi Mayi","RCD",0,57
"587",485,"Bafulero, Bavira","Banyamulenge",10,254
"588",486,"Orma","Pokomo",14,182
"589",487,"Dogon","Fulani",3,30
"590",488,"AQIM, Jama'atu Ahlis Sunna Lidda'awati wal-Jihad, MUJAO","CMA",0,26
"591",489,"CMA","MUJAO, Signed-in-Blood Battalion",8,25
"592",491,"APCLS","M23",0,30
"593",492,"Bul Nuer","Luac Jang Dinka",0,87
"594",494,"Balanda","Dinka",6,28
"595",495,"FDLR","Raia Mutomboki",80,197
"596",496,"Khatumo administration","Republic of Somaliland",4,167
"597",497,"Buddhists (Myanmar)","Muslims (Myanmar)",73,214
"598",500,"CPI-ML-VM","PWG",123,27
"599",501,"BNLF","NLFT",12,74
"600",502,"Tripura Non-Tribal Communities","Tripura Tribal Communities",11,88
"601",503,"Bangladeshi Immigrants","Bodo",80,73
"602",504,"NSCN-K","NSCN-K-K",2,68
"603",505,"FLC","Mayi Mayi",0,27
"604",506,"NURTW-Auxiliary","NURTW-Tokyo",0,27
"605",507,"Jalisco Cartel New Generation","Los Caballeros Templarios",828,381
"606",508,"Los Zetas","Los Zetas - Velazquez Caballero faction",186,77
"607",10247,"Konianke","Kpelle",3,98
"608",10301,"Northern Sudanese","Southern Sudanese",4,130
"609",10676,"Hizb-i Wahdat","Junbish-i Milli-yi Islami",4,109
"610",10682,"Forces of Sayed Mansur Naderi","Hizb-i Islami-yi Afghanistan",29,40
"611",10920,"Han Chinese","Uighur",4,187
"612",11123,"Supporters of Awami League","Supporters of Jamaat-e-Islami",31,65
"613",11230,"Mohajir","Pashtun",4,54
"614",11231,"Mohajir","Sindhi",2,341
"615",11241,"Jatoi","Meher",3,28
"616",11286,"Assamese","Bodo",3,120
"617",11301,"Supporters of MQM","Supporters of PPP",0,41
"618",11308,"Khadadkhel","Oatizai",3,50
"619",11309,"Supporters of Yousaf Ali Khan Magsi","Supporters of Zulfikar Ali Khan Magsi",0,40
"620",11342,"Lashkar of Mohmand tribe","TTP",0,57
"621",11383,"Lashkar-e-Islam","Tawheed ul-Islam",10,74
"622",11433,"Black Axe","Eyie",316,222
"623",11441,"Black Axe","Maphite",41,59
"624",11663,"Beltrán Leyva Cartel","Sinaloa Cartel",1353,163
"625",11668,"Guerreros Unidos","Los Rojos",3836,237
"626",11682,"Opponents of Mohamed Morsi","Supporters of Mohamed Morsi",1,132
"627",11735,"Birom","Fulani, Hausa",31,375
"628",11801,"Christians (CAR)","Muslims (CAR)",28,631
"629",11810,"Amothnhon Dinka","Panyon Dinka",0,38
"630",11821,"Al-Zayadia","Berti",143,133
"631",11957,"Ansar Dine","CMA",0,46
"632",11959,"Ganda Iso","CMA",5,31
"633",11966,"Government of Solomon Islands","IFM",75,43
"634",12132,"Jama'atu Ahlis Sunna Lidda'awati wal-Jihad","Yan Gora",3,624
"635",12136,"Muslims (Sri Lanka)","Tamil",24,39
"636",12152,"Atakar","Fulani",5,78
"637",12154,"Hausa","Jukun",2,85
"638",12175,"Assamese","Bihari",6,55
"639",12284,"Agatu","Tiv",0,42
"640",12306,"M23","M23-R",33,41
"641",12328,"APCLS","NDC",51,66
"642",12337,"Hezbollah","Jabhat Fateh al-Sham (Nusra)",1,109
"643",12341,"Agatu","Fulani",7,277
"644",12350,"Arab Brabich","Tuareg Indinan",0,27
"645",12362,"Brigades of Aisha","Hezbollah",0,26
"646",12378,"anti-Balaka","FPRC",80,760
"647",12384,"Beni Hussein","Rizeigat Abbala",298,387
"648",12385,"Awlad Heiban (Misseriya)","Awlad Metanin (Misseriya) , Awlad Serur (Misseriya)",0,80
"649",12388,"Beni Halba Baggara","Gimir",2,177
"650",12393,"Ansaar ul-Islam","TTP",15,211
"651",12400,"Misseriya","Salamat Baggara",102,520
"652",12410,"Hamar","Ma'aliyah",2,93
"653",12441,"Eggon","Fulani",13,211
"654",12464,"Kuteb","Tiv",0,70
"655",12467,"Ikpanaya","Ntan Obu-Ukpe",30,41
"656",12589,"MAA","CMA",43,28
"657",12635,"Amigos dos Amigos","Comando Vermelho",34,186
"658",12654,"Barriga gang","Sujeirinha gang",3,45
"659",12693,"Comando Vermelho","Terceiro Comando Puro",166,56
"660",12696,"Borana","Burji, Gabra",7,55
"661",12701,"Autodefensas Unidas de Michoacán","Los Caballeros Templarios",3,66
"662",12703,"Al-Maraziq","Al-Saida",101,34
"663",12712,"Gulf Cartel - Ramirez Treviño faction","Gulf Cartel - Villareal faction",0,35
"664",12718,"La Mochomera","Sinaloa Cartel",21,28
"665",13641,"Government of Nigeria","IS",113,1919
"666",13692,"Government of Afghanistan","Government of United States of America",58,1490
"667",14009,"Fulani","Jukun",2,104
"668",14036,"Supporters of APC","Supporters of PDP",1,46
"669",14041,"FDC","FDDH",86,70
"670",14044,"Bani Hilal","Nubian Dabudiya",0,28
"671",14053,"al-Toubou","Awlad Suleiman",1,34
"672",14061,"Benghazi Revolutionaries Shura Council","Forces of the House of Representatives",251,1338
"673",14088,"Raia Mutomboki - Bravo","Raia Mutomboki - Makombo",10,30
"674",14113,"Supporters of independence for Eastern Ukraine","Supporters of Ukrainian unity",0,46
"675",14147,"TTP-KM","TTP-SM",3,128
"676",14152,"IS","JRTN",0,64
"677",14237,"Hezbollah","IS",0,81
"678",14251,"Libya Dawn","Zintan Brigades",29,191
"679",14288,"Bafulero","Banyamulenge, Barundi",0,43
"680",14318,"anti-Balaka","UPC (Ali Darass Fulani supporters)",25,208
"681",14331,"Eggon","Gwandere",0,57
"682",14333,"Gulf Cartel - Dragones de Sheyla faction","Gulf Cartel - Los Fresitas faction",382,34
"683",14336,"Sinaloa Cartel - Los Chavez Matamoros faction","Sinaloa Cartel - Los Salgueiro faction",16,28
"684",14337,"Los Ardillos","Los Rojos",165,78
"685",14353,"Sinaloa Cartel","Tijuana Cartel",1917,411
"686",14392,"MRTA","Sendero Luminoso",31,67
"687",14507,"El Dorado inmates","Guajiro Indians",2,30
"688",14531,"Forces of Mullah Abdol Rauf Khadim","Taleban",3,50
"689",14542,"IS","Taleban",131,292
"690",14544,"Eyie","Maphite",49,39
"691",14547,"FARC","Autodefensas Campesinas del Magdalena Medio",0,11
"692",14550,"Ambalo Indians","Guambiano Indians",1,4
"693",14563,"Falata","Salamat Baggara",5,245
"694",14593,"Taleban","High Council of Afghanistan Islamic Emirate",3,134
"695",14596,"AQAP","Forces of Hadi",0,115
"696",14611,"IS","Forces of Hadi",3,128
"697",14625,"Sabaneta - Pavilion I gang","Sabaneta - Re-education sector gang",0,127
"698",14644,"Hamar (Ethiopia)","Nyangatom",213,64
"699",14645,"Borana","Hamar (Ethiopia)",1213,40
"700",14671,"IS","Yan Gora",1,142
"701",14678,"Luac Jang Dinka","Thiyic Dinka",2,92
"702",14681,"IS, High Council of Afghanistan Islamic Emirate","Taleban",39,56
"703",14724,"Kuei Dinka, Pakam Dinka","Rup Dinka",3,78
"704",14733,"CMA","CM-FPR, GATIA, MAA-loyalist",4,39
"705",14746,"Forces of the House of Representatives","IS",52,348
"706",14757,"Derna Mujahideen Shura Council","IS",1,133
"707",14786,"Ajdabiya Revolutionaries Shura Council","Forces of the House of Representatives",2,26
"708",14787,"al-Toubou","Touareg",25,75
"709",14789,"al-Toubou","Zwai",14,85
"710",14796,"Sinaloa Cartel - Los Memos faction","Sinaloa Cartel - Los Salazar faction",35,41
"711",14799,"Jalisco Cartel New Generation","Sinaloa Cartel",364,55
"712",14800,"Sinaloa Cartel","Sinaloa Cartel - Forces of Damaso faction",543,65
"713",14801,"Sinaloa Cartel - El Pepillo faction","Sinaloa Cartel - Los 28 faction",659,61
"714",14805,"Jaysh al-Mukhtar","MEK",0,39
"715",NA,"1920 Revolution Brigades","IS",0,25
"716",NA,"AAH","Civilians",0,35
"717",NA,"Abgal clan (Hawiye)","Xawaadle clan (Hawiye)",8,31
"718",NA,"ABSU","Civilians",108,93
"719",NA,"Abtisame subclan of Galje'el clan (Hawiye)","Afi subclan of Galje'el clan (Hawiye)",6,34
"720",NA,"Abudu","Andani",2,36
"721",NA,"ACC","Civilians",40,34
"722",NA,"ADF","Civilians",677,1381
"723",NA,"ADP","Civilians",0,47
"724",NA,"Afar","Issa",84,97
"725",NA,"Afar","Kereyou",75,69
"726",NA,"AFDL","Civilians",1280,35126
"727",NA,"AFRC","Civilians",3508,2064
"728",NA,"Agar Dinka","Gok Dinka",7,65
"729",NA,"Agon-Yar subclan of Abgal clan (Hawiye)","Warsangeli subclan of Abgal clan (Hawiye)",5,116
"730",NA,"Ahlu Sunna Waljamaca","Al-Shabaab",30,814
"731",NA,"AJPSN","Civilians",76,54
"732",NA,"al-Gama'a al-Islamiyya","Civilians",364,207
"733",NA,"Al-Khobar","Civilians",146,45
"734",NA,"al-Mahdi Army","Civilians",10,124
"735",NA,"al-Qaida","Civilians",0,2873
"736",NA,"Al-Shabaab","Civilians",162,973
"737",NA,"Al-Umma","Civilians",0,58
"738",NA,"Ali-Gaf subclan of Abgal clan (Hawiye)","Mahadade subclan of Abgal clan (Hawiye)",4,37
"739",NA,"ALiR","Civilians",25,3183
"740",NA,"Alur","Lendu",30,63
"741",NA,"Amaro","Guji",2,30
"742",NA,"AMB","Civilians",0,164
"743",NA,"Ampatuan militia","Civilians",421,103
"744",NA,"ANC","Civilians",2304,91
"745",NA,"Ansaar ul-Islam","Lashkar-e-Islam",21,202
"746",NA,"Ansar al-Islam","Civilians",0,139
"747",NA,"Ansar al-Islam","PUK",5,300
"748",NA,"anti-Balaka","Civilians",1429,1695
"749",NA,"Anuak","Dinka",6,41
"750",NA,"Anuak","Nuer",398,143
"751",NA,"AQIM","Civilians",98,270
"752",NA,"ARPCT","ARS/UIC",79,562
"753",NA,"Arrow Boys","LRA",2,72
"754",NA,"ASG","Civilians",590,361
"755",NA,"ATTF","Civilians",142,267
"756",NA,"AUC","Civilians",1418,3226
"757",NA,"AUC","FARC",270,2194
"758",NA,"Autodefensas Campesinas del Magdalena Medio","Civilians",24,23
"759",NA,"Autodefensas Campesinas del Magdalena y La Guajira","Civilians",0,9
"760",NA,"Autodefensas de Puerto Boyacá","Civilians",0,4
"761",NA,"Autodefensas de Santander y del Sur del Cesar","Civilians",0,12
"762",NA,"Autodefensas del Palmor","Civilians",0,23
"763",NA,"AWB","Civilians",61,61
"764",NA,"Bakassi boys","Civilians",62,82
"765",NA,"Bangadi Militia","LRA",0,27
"766",NA,"Bangesh","Turi",46,564
"767",NA,"Bena Kapuya","Bena Nsimba",3,25
"768",NA,"Bi'idyahan subclan of Majerteen clan (Darod)","Ismail subclan of Makahil clan (Darod)",364,280
"769",NA,"BLA","Civilians",6,144
"770",NA,"Black Hand","Civilians",0,12
"771",NA,"Bloque Central Bolívar","Civilians",5,35
"772",NA,"BLTF","Civilians",0,78
"773",NA,"Bokora Karimojong","Jie",13,155
"774",NA,"Bokora Karimojong","Pian Karimojong",30,95
"775",NA,"Bor Dinka","Murle",120,268
"776",NA,"Borana","Gabra, Garre",31,384
"777",NA,"Borana","Guji",97,104
"778",NA,"Borana","Konso",264,58
"779",NA,"Burji","Guji",0,39
"780",NA,"Buxton gang","Civilians",2,29
"781",NA,"Cali Cartel","Civilians",0,2
"782",NA,"Cartel del Norte del Valle","Civilians",0,9
"783",NA,"Chechen Republic of Ichkeria","Civilians",99,266
"784",NA,"CNDD","Civilians",89,62
"785",NA,"CNDD-FDD","Civilians",27,245
"786",NA,"CNDD-FDD","Palipehutu-FNL",6,97
"787",NA,"CNDP","Civilians",32,157
"788",NA,"CNDP","PARECO",73,75
"789",NA,"Cobras","Civilians",223,39
"790",NA,"COLSINGUE","Civilians",0,1
"791",NA,"Comando Vermelho","Terceiro Comando",254,385
"792",NA,"Comandos Populares","Civilians",0,17
"793",NA,"CPI-Maoist","Civilians",1679,1649
"794",NA,"CPN-M","Civilians",0,1215
"795",NA,"CPN-M","MJF",0,30
"796",NA,"CPP","Civilians",875,159
"797",NA,"Croatian Republic of Bosnia-Herzegovina","Civilians",36,174
"798",NA,"CSNPD","Civilians",52,74
"799",NA,"Da'ud subclan of Abgal clan (Hawiye)","Warsangeli subclan of Abgal clan (Hawiye)",1,132
"800",NA,"Dabare subclan of Digil clan (Digil-Mirifle)","Luway subclan of Mirifle clan (Digil-Mirifle)",5,47
"801",NA,"Darsalim","Kibete",6,140
"802",NA,"Dawa","Gura",8,55
"803",NA,"Derashe","Konso",4,33
"804",NA,"DHD","Civilians",43,85
"805",NA,"DHD - BW","Civilians",2,61
"806",NA,"Didinga","Toposa",0,54
"807",NA,"Dignity for Colombia","Civilians",0,1
"808",NA,"Dir clan","Marehan subclan of Sede clan (Darod)",6,121
"809",NA,"Dir clan","Sa'ad subclan of Habar Gidir clan (Hawiye)",8,118
"810",NA,"Dizi","Suri",3236,227
"811",NA,"DKBA","KNU",66,233
"812",NA,"Duduble subclan of Gorgorte clan (Hawiye)","Suleiman subclan of Habar Gidir clan (Hawiye)",2,87
"813",NA,"Elements (Luba militia)","Civilians",1,34
"814",NA,"ELN","Civilians",372,280
"815",NA,"EPL","Civilians",60,24
"816",NA,"ERP","Civilians",0,2
"817",NA,"Falata","Habaniya",49,405
"818",NA,"FAPC","Civilians",5,38
"819",NA,"FAPC","FNI",22,51
"820",NA,"FAPC, FNI","Civilians",29,33
"821",NA,"FARC","Civilians",1500,1270
"822",NA,"FARF","Civilians",90,52
"823",NA,"Fatah","Hamas",15,295
"824",NA,"FDLR","Civilians",3124,1585
"825",NA,"FDPC","Civilians",272,39
"826",NA,"Fedayeen Islam","Civilians",0,54
"827",NA,"FIAA","Civilians",17,98
"828",NA,"FNDIC","Civilians",43,49
"829",NA,"FNI","Civilians",142,2338
"830",NA,"FNI, FRPI","Civilians",0,325
"831",NA,"FNI, FRPI, RCD-K-ML","Civilians",0,160
"832",NA,"Forces of Abdul Rahman Khan","Forces of Amanullah",0,25
"833",NA,"Forces of Abdullahi Yusuf","Forces of Jama Ali Jama",0,81
"834",NA,"Forces of Amanullah Khan","Forces of Arbab Basir",2,36
"835",NA,"Forces of Amanullah Khan","Forces of Ismail Khan",11,153
"836",NA,"Forces of General Morgan","JVA",3,115
"837",NA,"Forces of Shah Sahib","TTP",0,51
"838",NA,"Forces of the Caucasus Emirate","Civilians",154,155
"839",NA,"FPR","Civilians",378,1340
"840",NA,"FPR-BL","Civilians",23,103
"841",NA,"FPRC","Civilians",121,1098
"842",NA,"FRCI","Civilians",91,50
"843",NA,"FRCI","FN - IC",17,134
"844",NA,"FRCI","MILOCI",0,28
"845",NA,"FRPI","Civilians",163,283
"846",NA,"FRPI, RCD-K-ML","Civilians",10,1200
"847",NA,"Fulani","Mambila",7,50
"848",NA,"Fulani","Yugur",2,100
"849",NA,"Gaadsan subclan of Biimaal clan (Dir)","Ma'alin Weyne subclan of Mirifle clan (Digil-Mirifle)",35,40
"850",NA,"Gabra","Guji",0,43
"851",NA,"Galje'el clan (Hawiye)","Jejele subclan of Jibedi clan (Hawiye)",1,36
"852",NA,"GAM","Civilians",169,271
"853",NA,"Gamai","Pan",3,25
"854",NA,"Garre subclan of Digil clan (Digil-Mirifle)","Marehan subclan of Sede clan (Darod)",2,99
"855",NA,"Garre subclan of Digil clan (Digil-Mirifle)","Murule subclan of Gugundabe clan (Hawiye)",73,94
"856",NA,"Gazotan Murdash","Civilians",0,41
"857",NA,"GIA","Civilians",399,1502
"858",NA,"GICM","Civilians",0,191
"859",NA,"Government of Afghanistan","Civilians",1492,7081
"860",NA,"Government of Angola","Civilians",571,175
"861",NA,"Government of Bahrain","Civilians",0,26
"862",NA,"Government of Bangladesh","Civilians",0,156
"863",NA,"Government of Bosnia-Herzegovina","Civilians",130,265
"864",NA,"Government of Brazil","Civilians",85,99
"865",NA,"Government of Burundi","Civilians",612,4317
"866",NA,"Government of Burundi","CNDD",328,1510
"867",NA,"Government of Burundi","CNDD-FDD",396,2430
"868",NA,"Government of Burundi","Forebu",0,87
"869",NA,"Government of Burundi","Frolina",15,142
"870",NA,"Government of Burundi","Military faction (forces of Godefroid Niyombare)",3,46
"871",NA,"Government of Burundi","Palipehutu",99,346
"872",NA,"Government of Burundi","Palipehutu-FNL",406,4189
"873",NA,"Government of Cambodia (Kampuchea)","Civilians",797,77
"874",NA,"Government of Cambodia (Kampuchea)","Government of Thailand",41,50
"875",NA,"Government of Cameroon","Civilians",467,81
"876",NA,"Government of Central African Republic","Civilians",2354,1508
"877",NA,"Government of Chad","AN",55,991
"878",NA,"Government of Chad","Civilians",739,1006
"879",NA,"Government of Chad","CNR",734,165
"880",NA,"Government of Chad","CSNPD",31,172
"881",NA,"Government of Chad","FARF",6,101
"882",NA,"Government of Chad","FNT",0,31
"883",NA,"Government of Chad","FUCD",12,1000
"884",NA,"Government of Chad","Islamic Legion",64,487
"885",NA,"Government of Chad","MDD",51,824
"886",NA,"Government of Chad","MDJT",91,1940
"887",NA,"Government of Chad","Military faction (forces of Maldoum Bada Abbas)",1,43
"888",NA,"Government of Chad","MOSANAT",6,50
"889",NA,"Government of Chad","MPS",34,1100
"890",NA,"Government of Chad","PFNR",12,43
"891",NA,"Government of Chad","RAFD",20,41
"892",NA,"Government of Chad","Revolutionary Forces of 1 April",6,30
"893",NA,"Government of Chad","UFDD",11,408
"894",NA,"Government of Chad","UFR",30,131
"895",NA,"Government of China","Civilians",78,2667
"896",NA,"Government of Colombia","Civilians",464,281
"897",NA,"Government of Colombia","ELN",1379,2562
"898",NA,"Government of Colombia","EPL",0,167
"899",NA,"Government of Colombia","ERG (Colombia)",0,4
"900",NA,"Government of Colombia","ERP",0,14
"901",NA,"Government of Colombia","FARC",4142,16663
"902",NA,"Government of Colombia","Jaime Bateman force",1,26
"903",NA,"Government of Colombia","Los Urabeños",0,9
"904",NA,"Government of Congo","Civilians",867,1230
"905",NA,"Government of Croatia","Civilians",31,165
"906",NA,"Government of DR Congo (Zaire)","AFDL",711,5761
"907",NA,"Government of DR Congo (Zaire)","APCLS",4,184
"908",NA,"Government of DR Congo (Zaire)","Civilians",3198,9938
"909",NA,"Government of DR Congo (Zaire)","CNDP",63,1184
"910",NA,"Government of DR Congo (Zaire)","Forces of Paul Joseph Mukungubila",0,92
"911",NA,"Government of DR Congo (Zaire)","Kata Katanga",56,182
"912",NA,"Government of DR Congo (Zaire)","M23",388,1812
"913",NA,"Government of DR Congo (Zaire)","MLC",156,2578
"914",NA,"Government of DR Congo (Zaire)","PARC-FAAL",33,148
"915",NA,"Government of DR Congo (Zaire)","RCD",590,5399
"916",NA,"Government of Egypt","Civilians",0,40
"917",NA,"Government of Ethiopia","Civilians",2752,2365
"918",NA,"Government of Ethiopia","EPLF",222,43470
"919",NA,"Government of Ethiopia","EPRDF",154,41059
"920",NA,"Government of Ethiopia","Military faction (forces of Amsha Desta and Merid Negusie)",7,37
"921",NA,"Government of Ethiopia","Military faction (Harar garrison)",0,602
"922",NA,"Government of Guatemala","Civilians",9799,2212
"923",NA,"Government of Guatemala","URNG",20915,438
"924",NA,"Government of Guinea","Civilians",32,235
"925",NA,"Government of Haiti","Civilians",488,229
"926",NA,"Government of India","Civilians",286,283
"927",NA,"Government of India","CPI-Maoist",3187,3695
"928",NA,"Government of India","CPI-ML-J",0,43
"929",NA,"Government of India","Government of Pakistan",1002,1461
"930",NA,"Government of India","MCC",4,283
"931",NA,"Government of India","NSCN-IM",75,486
"932",NA,"Government of India","PWG",1211,1579
"933",NA,"Government of Indonesia","Civilians",15403,1733
"934",NA,"Government of Iran","KDPI",103,207
"935",NA,"Government of Iraq","al-Mahdi Army",186,2495
"936",NA,"Government of Iraq","Ansar al-Islam",13,939
"937",NA,"Government of Iraq","Civilians",1274,2107
"938",NA,"Government of Iraq","IS",1386,38921
"939",NA,"Government of Iraq","KDP",382,358
"940",NA,"Government of Iraq","PUK",370,1678
"941",NA,"Government of Iraq","RJF",1,209
"942",NA,"Government of Iraq","SCIRI",730,989
"943",NA,"Government of Israel","AMB",0,276
"944",NA,"Government of Israel","Civilians",177,496
"945",NA,"Government of Israel","Fatah",35,439
"946",NA,"Government of Israel","Hamas",376,4091
"947",NA,"Government of Israel","PFLP",1,124
"948",NA,"Government of Israel","PFLP-GC",0,84
"949",NA,"Government of Israel","PIJ",20,800
"950",NA,"Government of Israel","PNA",63,336
"951",NA,"Government of Israel","PRC",1,150
"952",NA,"Government of Ivory Coast","Civilians",1052,770
"953",NA,"Government of Kenya","Civilians",1506,312
"954",NA,"Government of Laos","Civilians",908,101
"955",NA,"Government of Laos","LRM",105,284
"956",NA,"Government of Lebanon","Forces of Michel Aoun",266,1158
"957",NA,"Government of Lebanon","Lebanese Forces",2,253
"958",NA,"Government of Liberia","Civilians",4080,4236
"959",NA,"Government of Libya","Civilians",5,322
"960",NA,"Government of Madagascar","Civilians",88,46
"961",NA,"Government of Mali","Civilians",563,668
"962",NA,"Government of Mauritania","Civilians",1179,48
"963",NA,"Government of Mexico","Civilians",1089,90
"964",NA,"Government of Myanmar (Burma)","ABSDF",0,1
"965",NA,"Government of Myanmar (Burma)","BMA",52,80
"966",NA,"Government of Myanmar (Burma)","Civilians",6704,4291
"967",NA,"Government of Myanmar (Burma)","DKBA 5",153,243
"968",NA,"Government of Myanmar (Burma)","God's Army",342,49
"969",NA,"Government of Myanmar (Burma)","KIO",2347,1476
"970",NA,"Government of Myanmar (Burma)","KNPP",334,717
"971",NA,"Government of Myanmar (Burma)","KNU",1863,4243
"972",NA,"Government of Myanmar (Burma)","MTA",285,833
"973",NA,"Government of Myanmar (Burma)","NMSP",16,134
"974",NA,"Government of Myanmar (Burma)","RCSS",349,879
"975",NA,"Government of Myanmar (Burma)","RSO",131,149
"976",NA,"Government of Myanmar (Burma)","SSPP",335,276
"977",NA,"Government of Nepal","Civilians",30,1170
"978",NA,"Government of Nepal","CPN-M",0,9904
"979",NA,"Government of Niger","Civilians",185,404
"980",NA,"Government of Nigeria","Civilians",669,3978
"981",NA,"Government of Papua New Guinea","Civilians",793,88
"982",NA,"Government of Paraguay","Military faction (forces of Andres Rodriguez)",0,150
"983",NA,"Government of Peru","MRTA",4,476
"984",NA,"Government of Peru","Sendero Luminoso",2120,6205
"985",NA,"Government of Philippines","Civilians",1701,168
"986",NA,"Government of Philippines","CPP",3933,7571
"987",NA,"Government of Philippines","Military faction (forces of Honasan, Abenina & Zumel)",39,122
"988",NA,"Government of Rumania","Civilians",10,199
"989",NA,"Government of Russia (Soviet Union)","Civilians",704,2409
"990",NA,"Government of Rwanda","Civilians",2127,511528
"991",NA,"Government of Senegal","Civilians",350,79
"992",NA,"Government of Serbia (Yugoslavia)","Civilians",99,995
"993",NA,"Government of Sierra Leone","Civilians",5558,649
"994",NA,"Government of Somalia","Civilians",991,1266
"995",NA,"Government of South Africa","Civilians",3999,430
"996",NA,"Government of South Sudan","Civilians",2702,1189
"997",NA,"Government of Sri Lanka","Civilians",531,755
"998",NA,"Government of Sudan","Civilians",9424,11499
"999",NA,"Government of Tajikistan","Civilians",70,63
"1000",NA,"Government of Tanzania","Civilians",35,38
"1001",NA,"Government of Togo","Civilians",919,526
"1002",NA,"Government of Uganda","Civilians",310,253
"1003",NA,"Government of Venezuela","Civilians",983,610
"1004",NA,"Government of Venezuela","Military faction (forces of Hugo Chávez)",0,144
"1005",NA,"Government of Yemen (North Yemen)","Ansarallah",20,661
"1006",NA,"Government of Yemen (North Yemen)","AQAP",247,5499
"1007",NA,"Government of Yemen (North Yemen)","Civilians",3,142
"1008",NA,"Government of Yemen (North Yemen)","Forces of Hadi",99,6352
"1009",NA,"Government of Zimbabwe (Rhodesia)","Civilians",647,263
"1010",NA,"Gumuz","Oromo",320,140
"1011",NA,"Habaniya","Rizeigat Baggara",13,348
"1012",NA,"Hamas","Civilians",420,506
"1013",NA,"Hausa","Igbo",0,58
"1014",NA,"Hausa","Tarok",3,35
"1015",NA,"Hausa","Yoruba",205,275
"1016",NA,"Hema","Lendu",743,4739
"1017",NA,"Hezbollah","PSP",12,38
"1018",NA,"Hotiya Baggara","Newiba, Mahariba, Mahamid",91,251
"1019",NA,"HPC","Civilians",0,30
"1020",NA,"Huaorani","Tagaeri",0,26
"1021",NA,"Huber subclan of Mirifle clan (Digil-Mirifle)","Yantar subclan of Mirifle clan (Digil-Mirifle)",1,35
"1022",NA,"Hutu rebels","Civilians",85,2136
"1023",NA,"IFP","Civilians",1523,77
"1024",NA,"Ijaw","Itsekiri",187,687
"1025",NA,"IMU","Lashkhar of Wazir tribe",0,319
"1026",NA,"Indian Mujahideen","Civilians",0,500
"1027",NA,"INPFL","Civilians",263,88
"1028",NA,"Interahamwe, ex-FAR","Civilians",28,77
"1029",NA,"Interahamwe, MAGRIVI","Civilians",359,315
"1030",NA,"IS","Civilians",2351,15922
"1031",NA,"IS","RJF",2,123
"1032",NA,"Izzi","Ukele",12,100
"1033",NA,"Jagrata Muslim Janata Bangladesh","Civilians",275,41
"1034",NA,"Jaish-ul-Islam","Civilians",0,35
"1035",NA,"Jama'atu Ahlis Sunna Lidda'awati wal-Jihad","Civilians",355,7875
"1036",NA,"Jamaat Jund al-Sahaba","Civilians",0,156
"1037",NA,"Janjaweed","Civilians",3126,3579
"1038",NA,"Janjaweed","JEM",0,186
"1039",NA,"Janjaweed","SLM/A",37,30
"1040",NA,"Janjaweed - Bin Kulaib faction","Janjaweed - Moro faction",29,44
"1041",NA,"JEM","Civilians",30,79
"1042",NA,"Jemaah Islamiya","Civilians",0,250
"1043",NA,"Jie","Turkana",22,101
"1044",NA,"Jondullah","Civilians",0,43
"1045",NA,"JSS/SB","Civilians",7,252
"1046",NA,"Juarez Cartel","Sinaloa Cartel",4139,5700
"1047",NA,"JVA","JVA faction",11,57
"1048",NA,"JVP","Civilians",378,257
"1049",NA,"Kachai sub-tribe of Bangesh","Mishti",6,58
"1050",NA,"Kamajors","Civilians",1018,66
"1051",NA,"Kashmir insurgents","Civilians",1757,3156
"1052",NA,"Kata Katanga","Civilians",344,184
"1053",NA,"KNF","Civilians",0,31
"1054",NA,"KR","Civilians",636,675
"1055",NA,"KRA","Civilians",5,62
"1056",NA,"Lashkar-e-Islam","Civilians",0,53
"1057",NA,"Lashkar-e-Taiba","Civilians",5,291
"1058",NA,"Laskar Jihad","Civilians",0,110
"1059",NA,"LDF","Civilians",1281,269
"1060",NA,"LeJ","Civilians",32,932
"1061",NA,"Los Blancos","Civilians",0,2
"1062",NA,"Los Zetas","Civilians",368,387
"1063",NA,"LPC","Civilians",8968,2233
"1064",NA,"LRA","Civilians",8029,7698
"1065",NA,"LTTE","Civilians",48,2481
"1066",NA,"LURD","Civilians",1204,558
"1067",NA,"M23","Civilians",364,66
"1068",NA,"Mara Salvatrucha (Honduras)","Civilians",0,51
"1069",NA,"Mayi Mayi","Civilians",1533,401
"1070",NA,"Mayi Mayi - Chinja Chinja","Civilians",31,167
"1071",NA,"Mayi Mayi - Makabe","Civilians",709,50
"1072",NA,"Mayi Mayi - Ngilima","Civilians",0,50
"1073",NA,"Mayi Mayi Complet","Civilians",29,27
"1074",NA,"Mayi Mayi Kifuafua, Raia Mutomboki","Civilians",182,241
"1075",NA,"Mayi Mayi Lumumba","Civilians",340,32
"1076",NA,"MCC","Civilians",1,174
"1077",NA,"Medellín Cartel","Civilians",0,175
"1078",NA,"MFDC","Civilians",279,308
"1079",NA,"MFDC - FN","Civilians",64,25
"1080",NA,"MILF","Civilians",6,329
"1081",NA,"MLC, RCD-N","Civilians",88,185
"1082",NA,"MLC, RCD-N, UPC","Civilians",0,50
"1083",NA,"MPCI","Civilians",659,153
"1084",NA,"MPGK","Civilians",241,250
"1085",NA,"MPIGO","Civilians",77,65
"1086",NA,"Mungiki","Civilians",110,106
"1087",NA,"NDC","Civilians",66,88
"1088",NA,"NDFB","Civilians",382,667
"1089",NA,"NDFB-S","Civilians",70,139
"1090",NA,"NDFB - RD","Civilians",6,36
"1091",NA,"NLFT","Civilians",242,437
"1092",NA,"NPFL","Civilians",15371,6064
"1093",NA,"NSCN-IM","Civilians",1,414
"1094",NA,"Ntsiloulous","Civilians",77,127
"1095",NA,"Nyangatom","Turkana",434,246
"1096",NA,"Nyatura","Civilians",34,52
"1097",NA,"ONLF","Civilians",30,84
"1098",NA,"PAC","Civilians",6,58
"1099",NA,"Palipehutu-FNL","Civilians",176,495
"1100",NA,"PARECO","Civilians",39,41
"1101",NA,"Patani insurgents","Civilians",388,1829
"1102",NA,"Paz y Justicia","Civilians",0,45
"1103",NA,"PCPA","Civilians",0,146
"1104",NA,"PEPES","Civilians",0,6
"1105",NA,"Perci (Batwa militia)","Civilians",138,47
"1106",NA,"PFT","Civilians",0,50
"1107",NA,"PIJ","Civilians",0,194
"1108",NA,"PKK","Civilians",475,1230
"1109",NA,"PLFI","Civilians",284,143
"1110",NA,"PWG","Civilians",36,153
"1111",NA,"Raia Mutomboki","Civilians",2,43
"1112",NA,"Ranvir Sena","Civilians",2,169
"1113",NA,"Rastas","Civilians",3,168
"1114",NA,"RCD","Civilians",2628,5314
"1115",NA,"RCD-ML","Civilians",2646,55
"1116",NA,"RCD - CP","Civilians",0,30
"1117",NA,"RCD - LN","Civilians",4,139
"1118",NA,"Renamo","Civilians",132,1410
"1119",NA,"Republic of Abkhazia","Civilians",11,126
"1120",NA,"Republic of Nagorno-Karabakh","Civilians",1,161
"1121",NA,"RRA","Civilians",0,43
"1122",NA,"RTC","Civilians",0,170
"1123",NA,"RUF","Civilians",16712,5982
"1124",NA,"Salafia Jihadia","Civilians",0,46
"1125",NA,"Sendero Luminoso","Civilians",2313,716
"1126",NA,"Serbian irregulars, Serbian Republic of Bosnia-Herzegovina","Civilians",161,12454
"1127",NA,"Signed-in-Blood Battalion","Civilians",0,26
"1128",NA,"Sikh insurgents","Civilians",526,1349
"1129",NA,"SLDF","Civilians",1391,128
"1130",NA,"SLM/A","Civilians",419,82
"1131",NA,"SLM/A - MM","Civilians",33,105
"1132",NA,"SPLM/A","Civilians",1380,1366
"1133",NA,"SPLM/A In Opposition","Civilians",140,686
"1134",NA,"SPM/SNA","Civilians",365,90
"1135",NA,"SSDF","Civilians",423,2307
"1136",NA,"Supporters of ACN","Supporters of PDP",0,65
"1137",NA,"Supporters of AD","Supporters of PDP",4,29
"1138",NA,"Supporters of ANPP","Supporters of PDP",160,540
"1139",NA,"Supporters of Awami League","Supporters of BNP",78,166
"1140",NA,"Taleban","Civilians",414,1602
"1141",NA,"Tawhid wal Jihad","Civilians",0,122
"1142",NA,"TTP","Civilians",67,2162
"1143",NA,"TTP-Islahi","Civilians",0,42
"1144",NA,"UBA","Civilians",0,63
"1145",NA,"UDA","Civilians",0,100
"1146",NA,"UIFSA","Civilians",39,204
"1147",NA,"ULFA","Civilians",102,548
"1148",NA,"ULIMO","Civilians",7429,1287
"1149",NA,"ULIMO - J","Civilians",377,1098
"1150",NA,"ULIMO - K","Civilians",2964,1430
"1151",NA,"UNITA","Civilians",970,2369
"1152",NA,"UPA","Civilians",29,49
"1153",NA,"UPC","Civilians",214,2363
"1154",NA,"UPC (Ali Darass Fulani supporters)","Civilians",36,80
"1155",NA,"UPDS","Civilians",1,86
"1156",NA,"VHP","Civilians",35,407
"1157",NA,"WNBF","Civilians",182,27
